Politifact URL,Source,Statement,Rating,X Post URL
https://www.politifact.com/factchecks/2025/feb/09/kristi-noem/us-has-detained-migrants-at-guantanamo-bay-before/,Kristi Noem,"At Guantánamo Bay, “we'll have the capacity to continue to do there what we've always done. We've always had a presence of illegal immigrants there that have been detained.”",half-true,https://x.com/ReichlinMelnick/status/1884983083507597508
https://www.politifact.com/factchecks/2025/feb/07/donald-trump/trump-claimed-60-minutes-replaced-harris-interview/,Donald Trump,"CBS News and “60 Minutes” “replaced” former Vice President Kamala Harris’ interview answers “with completely different, and far better, answers, taken from another part of the interview.”",false,https://www.dropbox.com/scl/fi/pbq6fcc0iltxnx3ahukmz/Transcript-Transcribed-Unedited-Interview-Footage-8-of-14.pdf?rlkey=7xvynvcj6is6eukyclmbg7i6u&e=1&st=gzy0zb4u&dl=0
https://www.politifact.com/factchecks/2025/feb/07/marco-rubio/marco-rubio-supported-usaid-as-a-senator-as-secret/,Marco Rubio,On support for U.S. Agency for International Development,full-flop,https://x.com/HouseForeignGOP/status/1886526044645040424/photo/1
https://www.politifact.com/factchecks/2025/feb/07/marco-rubio/marco-rubio-supported-usaid-as-a-senator-as-secret/,Marco Rubio,On support for U.S. Agency for International Development,full-flop,https://x.com/SenMarcoRubio/status/1109221983907184641
https://www.politifact.com/factchecks/2025/feb/07/marco-rubio/marco-rubio-supported-usaid-as-a-senator-as-secret/,Marco Rubio,On support for U.S. Agency for International Development,full-flop,https://x.com/SenMarcoRubio/status/1011667756209573888
https://www.politifact.com/factchecks/2025/feb/07/marco-rubio/marco-rubio-supported-usaid-as-a-senator-as-secret/,Marco Rubio,On support for U.S. Agency for International Development,full-flop,https://x.com/SenMarcoRubio/status/1179134071374598145
https://www.politifact.com/factchecks/2025/feb/07/marco-rubio/marco-rubio-supported-usaid-as-a-senator-as-secret/,Marco Rubio,On support for U.S. Agency for International Development,full-flop,https://x.com/marcorubio/status/1169662775087566849
https://www.politifact.com/factchecks/2025/feb/07/marco-rubio/marco-rubio-supported-usaid-as-a-senator-as-secret/,Marco Rubio,On support for U.S. Agency for International Development,full-flop,https://x.com/SenMarcoRubio/status/1331037375179452416
https://www.politifact.com/factchecks/2025/feb/07/marco-rubio/marco-rubio-supported-usaid-as-a-senator-as-secret/,Marco Rubio,On support for U.S. Agency for International Development,full-flop,https://x.com/SenMarcoRubio/status/1298330380232200198
https://www.politifact.com/factchecks/2025/feb/07/marco-rubio/marco-rubio-supported-usaid-as-a-senator-as-secret/,Marco Rubio,On support for U.S. Agency for International Development,full-flop,https://x.com/SenMarcoRubio/status/1173664868408483840
https://www.politifact.com/factchecks/2025/feb/07/marco-rubio/marco-rubio-supported-usaid-as-a-senator-as-secret/,Marco Rubio,On support for U.S. Agency for International Development,full-flop,https://x.com/SenMarcoRubio/status/1097238672909451269
https://www.politifact.com/factchecks/2025/feb/07/marco-rubio/marco-rubio-supported-usaid-as-a-senator-as-secret/,Marco Rubio,On support for U.S. Agency for International Development,full-flop,https://x.com/SenMarcoRubio/status/1222876152131457025
https://www.politifact.com/factchecks/2025/feb/07/marco-rubio/marco-rubio-supported-usaid-as-a-senator-as-secret/,Marco Rubio,On support for U.S. Agency for International Development,full-flop,https://x.com/SenMarcoRubio/status/976115616015880198
https://www.politifact.com/factchecks/2025/feb/07/marco-rubio/marco-rubio-supported-usaid-as-a-senator-as-secret/,Marco Rubio,On support for U.S. Agency for International Development,full-flop,https://x.com/SenMarcoRubio/status/1557806801491578886
https://www.politifact.com/factchecks/2025/feb/07/marco-rubio/marco-rubio-supported-usaid-as-a-senator-as-secret/,Marco Rubio,On support for U.S. Agency for International Development,full-flop,https://x.com/HouseForeignGOP/status/1886526044645040424
https://www.politifact.com/factchecks/2025/feb/05/brian-mast/why-the-republican-claim-about-the-majority-of-usa/,Brian Mast,"From the U.S. Agency for International Development funding, “10 to 30 cents on the dollar is what actually goes to aid.”",false,https://x.com/elonmusk/status/1886102414194835755
https://www.politifact.com/factchecks/2025/feb/05/brian-mast/why-the-republican-claim-about-the-majority-of-usa/,Brian Mast,"From the U.S. Agency for International Development funding, “10 to 30 cents on the dollar is what actually goes to aid.”",false,https://x.com/Malinowski/status/1886459837707641136
https://www.politifact.com/factchecks/2025/feb/05/brian-mast/why-the-republican-claim-about-the-majority-of-usa/,Brian Mast,"From the U.S. Agency for International Development funding, “10 to 30 cents on the dollar is what actually goes to aid.”",false,https://www.devex.com/news/small-businesses-and-new-partners-on-the-rise-at-usaid-108939
https://www.politifact.com/factchecks/2025/feb/05/brian-mast/why-the-republican-claim-about-the-majority-of-usa/,Brian Mast,"From the U.S. Agency for International Development funding, “10 to 30 cents on the dollar is what actually goes to aid.”",false,https://x.com/elonmusk/status/1885777925158437177
https://www.politifact.com/factchecks/2025/feb/05/brian-mast/why-the-republican-claim-about-the-majority-of-usa/,Brian Mast,"From the U.S. Agency for International Development funding, “10 to 30 cents on the dollar is what actually goes to aid.”",false,https://x.com/RandPaul/status/1885787240862753127
https://www.politifact.com/factchecks/2025/feb/05/brian-mast/why-the-republican-claim-about-the-majority-of-usa/,Brian Mast,"From the U.S. Agency for International Development funding, “10 to 30 cents on the dollar is what actually goes to aid.”",false,https://x.com/BasedMikeLee/status/1885829562963202472
https://www.politifact.com/factchecks/2025/feb/05/brian-mast/why-the-republican-claim-about-the-majority-of-usa/,Brian Mast,"From the U.S. Agency for International Development funding, “10 to 30 cents on the dollar is what actually goes to aid.”",false,https://x.com/elonmusk/status/1886627783138316442
https://www.politifact.com/factchecks/2025/feb/04/ron-johnson/wis-sen-johnson-says-us-is-one-of-very-few-nations/,Ron Johnson,We’re one of the very few nations that allowed birthright citizenship.”,mostly-true,https://x.com/RepTiffany/status/1882461620372398352
https://www.politifact.com/factchecks/2025/jan/31/adam-schiff/fact-checking-sen-adam-schiffs-claim-about-califor/,Adam Schiff,"“As a Californian, we have given more to the recovery of other states than any other state in the union.”",mostly-true,https://x.com/senalexpadilla/status/1884067657273749644?s=46&t=oRTXv1x9uWRV2MDtQSnc3Q
https://www.politifact.com/factchecks/2025/jan/30/karoline-leavitt/no-the-us-did-not-spend-50-million-to-fund-condoms/,Karoline Leavitt,“DOGE and OMB also found that there was about to be $50 million taxpayer dollars that went out the door to fund condoms in Gaza.”,false,https://x.com/statedeptspox/status/1884404233052831790
https://www.politifact.com/factchecks/2025/jan/30/karoline-leavitt/no-the-us-did-not-spend-50-million-to-fund-condoms/,Karoline Leavitt,“DOGE and OMB also found that there was about to be $50 million taxpayer dollars that went out the door to fund condoms in Gaza.”,false,https://x.com/PressSec/status/1884672871944901034
https://www.politifact.com/factchecks/2025/jan/29/donald-trump/what-trump-omits-about-north-carolina-storm-victim/,Donald Trump,"""The Biden administration kicked 2,000 displaced North Carolinians out of their temporary housing into freezing 20-degree weather,"" earlier in January.",barely-true,https://x.com/resistupdates/status/1882841586910052449
https://www.politifact.com/factchecks/2025/jan/29/donald-trump/what-trump-omits-about-north-carolina-storm-victim/,Donald Trump,"""The Biden administration kicked 2,000 displaced North Carolinians out of their temporary housing into freezing 20-degree weather,"" earlier in January.",barely-true,https://x.com/SenTedBuddNC/status/1879299862954721306
https://www.politifact.com/factchecks/2025/jan/29/donald-trump/what-trump-omits-about-north-carolina-storm-victim/,Donald Trump,"""The Biden administration kicked 2,000 displaced North Carolinians out of their temporary housing into freezing 20-degree weather,"" earlier in January.",barely-true,https://x.com/SenThomTillis/status/1879316854340014260
https://www.politifact.com/factchecks/2025/jan/29/donald-trump/what-trump-omits-about-north-carolina-storm-victim/,Donald Trump,"""The Biden administration kicked 2,000 displaced North Carolinians out of their temporary housing into freezing 20-degree weather,"" earlier in January.",barely-true,https://x.com/SenTedBuddNC/status/1879316133096145351
https://www.politifact.com/factchecks/2025/jan/29/roy-cooper/roy-cooper-says-hurricane-helene-relief-bill-took/,Roy Cooper,North Carolina Republicans “took money out of western North Carolina” with Hurricane Helene relief bill.,half-true,https://x.com/NC_Governor/status/1863979669722173947
https://www.politifact.com/factchecks/2025/jan/28/common-cause/yes-wisconsin-makes-it-harder-to-vote-than-most-ot/,Common Cause,Wisconsin makes it more difficult for its citizens to vote than almost any state in the nation.,true,https://costofvotingindex.com/
https://www.politifact.com/factchecks/2025/jan/28/common-cause/yes-wisconsin-makes-it-harder-to-vote-than-most-ot/,Common Cause,Wisconsin makes it more difficult for its citizens to vote than almost any state in the nation.,true,https://costofvotingindex.com/figures
https://www.politifact.com/factchecks/2025/jan/24/donald-trump/donald-trump-goes-too-far-in-claim-that-jan-6-comm/,Donald Trump,"The U.S. House Select Committee that investigated the Jan. 6, 2021, attack on the U.S. Capitol “deleted and destroyed all of the information that they collected over two years.”",false,https://x.com/SpeakerJohnson/status/1882175862340243731
https://www.politifact.com/factchecks/2025/jan/24/donald-trump/donald-trump-goes-too-far-in-claim-that-jan-6-comm/,Donald Trump,"The U.S. House Select Committee that investigated the Jan. 6, 2021, attack on the U.S. Capitol “deleted and destroyed all of the information that they collected over two years.”",false,https://x.com/SpeakerJohnson/status/1874976464279326932
https://www.politifact.com/factchecks/2025/jan/23/lisa-murkowski/us-highest-mountain-called-denali-for-thousands-of/,Lisa Murkowski,"""Our nation’s tallest mountain … has been called Denali for thousands of years.""",mostly-true,https://x.com/lisamurkowski/status/1881502799361642810
https://www.politifact.com/factchecks/2025/jan/17/dana-loesch/are-north-carolinas-helene-victims-still-required/,Dana Loesch,Buncombe County “is still demanding property taxes on homes destroyed by Hurricane Helene based on pre-Helene assessments that no longer apply.”,half-true,https://x.com/buncombeGov/status/1876284345935180138
https://www.politifact.com/factchecks/2025/jan/17/dana-loesch/are-north-carolinas-helene-victims-still-required/,Dana Loesch,Buncombe County “is still demanding property taxes on homes destroyed by Hurricane Helene based on pre-Helene assessments that no longer apply.”,half-true,https://x.com/DLoesch/status/1876412098864984247
https://www.politifact.com/factchecks/2025/jan/17/dana-loesch/are-north-carolinas-helene-victims-still-required/,Dana Loesch,Buncombe County “is still demanding property taxes on homes destroyed by Hurricane Helene based on pre-Helene assessments that no longer apply.”,half-true,https://x.com/AlanJacobyJr/status/1876600559618384308
https://www.politifact.com/factchecks/2025/jan/17/dana-loesch/are-north-carolinas-helene-victims-still-required/,Dana Loesch,Buncombe County “is still demanding property taxes on homes destroyed by Hurricane Helene based on pre-Helene assessments that no longer apply.”,half-true,https://x.com/matt_vanswol/status/1876351873705488739
https://www.politifact.com/factchecks/2025/jan/17/jd-vance/fact-check-have-some-california-reservoirs-been-cl/,JD Vance,"“Some of these (California) reservoirs have been dry for 15, 20 years.""",barely-true,https://x.com/GavinNewsom/status/1877823208273178995
https://www.politifact.com/factchecks/2025/jan/15/tony-evers/does-wisconsin-have-record-high-budget-balances-un/,Tony Evers,"“After 30 years of Wisconsin’s checking account running a deficit, we've ended every fiscal year I've been governor with a positive balance. Today, we have a $4.5 billion positive balance, and a record-high balance in our state savings account.""",mostly-true,https://x.com/GovEvers/status/1873172081430450465
https://www.politifact.com/factchecks/2025/jan/09/bernie-sanders/are-h-1b-visa-holders-hired-as-dog-trainers-massag/,Bernie Sanders,"H-1B guest workers are “being employed as dog trainers, massage therapists, cooks, and English teachers.”",barely-true,https://x.com/LauraLoomer/status/1872054521079419291
https://www.politifact.com/factchecks/2025/jan/09/bernie-sanders/are-h-1b-visa-holders-hired-as-dog-trainers-massag/,Bernie Sanders,"H-1B guest workers are “being employed as dog trainers, massage therapists, cooks, and English teachers.”",barely-true,https://x.com/elonmusk/status/1873191959441084531
https://www.politifact.com/factchecks/2025/jan/09/bernie-sanders/are-h-1b-visa-holders-hired-as-dog-trainers-massag/,Bernie Sanders,"H-1B guest workers are “being employed as dog trainers, massage therapists, cooks, and English teachers.”",barely-true,https://x.com/elonmusk/status/1871956518213656728?t=7aqMogGyXcAYYtYngWWX_g&s=19
https://www.politifact.com/factchecks/2025/jan/09/bernie-sanders/are-h-1b-visa-holders-hired-as-dog-trainers-massag/,Bernie Sanders,"H-1B guest workers are “being employed as dog trainers, massage therapists, cooks, and English teachers.”",barely-true,https://x.com/elonmusk/status/1872860577057448306
https://www.politifact.com/factchecks/2025/jan/09/bernie-sanders/are-h-1b-visa-holders-hired-as-dog-trainers-massag/,Bernie Sanders,"H-1B guest workers are “being employed as dog trainers, massage therapists, cooks, and English teachers.”",barely-true,https://x.com/SenSanders/status/1874918027982172626
https://www.politifact.com/factchecks/2025/jan/07/grok-ai/grok-said-biden-rescinded-a-medal-of-freedom-from/,Grok AI,"President Joe Biden rescinded a Medal of Freedom given to Trump’s “campaign manager, Bradley Birkenfeld, in 2021.”",pants-fire,https://x.com/i/grok/share/C66HRShVUANXzJwplIzfFTery
https://www.politifact.com/factchecks/2025/jan/07/grok-ai/grok-said-biden-rescinded-a-medal-of-freedom-from/,Grok AI,"President Joe Biden rescinded a Medal of Freedom given to Trump’s “campaign manager, Bradley Birkenfeld, in 2021.”",pants-fire,https://x.com/RNcat50/status/1875635679822283160
https://www.politifact.com/factchecks/2025/jan/07/grok-ai/grok-said-biden-rescinded-a-medal-of-freedom-from/,Grok AI,"President Joe Biden rescinded a Medal of Freedom given to Trump’s “campaign manager, Bradley Birkenfeld, in 2021.”",pants-fire,https://x.com/i/grok/share/vHCvuLZui1B4XeBbIbj5JKsVj
https://www.politifact.com/factchecks/2025/jan/07/donald-trump/congress-certified-trumps-2024-win-the-next-day-he/,Donald Trump,“They’re still counting the (2024 election) vote in some areas.”,false,https://x.com/Acyn/status/1876669174757589323
https://www.politifact.com/factchecks/2025/jan/02/ron-johnson/yes-there-have-been-placebo-controlled-studies-on/,Ron Johnson,“There's never been a placebo-controlled study on childhood vaccines.”,false,https://x.com/SenRonJohnson/status/1857180495383076926
https://www.politifact.com/factchecks/2025/jan/02/ron-johnson/yes-there-have-been-placebo-controlled-studies-on/,Ron Johnson,“There's never been a placebo-controlled study on childhood vaccines.”,false,https://x.com/AaronSiriSG/status/1815806770545152202
https://www.politifact.com/factchecks/2024/dec/19/sara-jacobs/fact-check-past-government-shutdowns-cost-billions/,Sara Jacobs,Government shutdowns in 2013 and 2018 “cost our economy billions of dollars each.”,true,https://x.com/elonmusk/status/1869479299121823760
https://www.politifact.com/factchecks/2024/dec/19/sara-jacobs/fact-check-past-government-shutdowns-cost-billions/,Sara Jacobs,Government shutdowns in 2013 and 2018 “cost our economy billions of dollars each.”,true,https://x.com/VivekGRamaswamy/status/1869407887983821089
https://www.politifact.com/factchecks/2024/dec/19/sara-jacobs/fact-check-past-government-shutdowns-cost-billions/,Sara Jacobs,Government shutdowns in 2013 and 2018 “cost our economy billions of dollars each.”,true,https://x.com/VivekGRamaswamy/status/1869451701029396927
https://www.politifact.com/factchecks/2024/dec/19/sara-jacobs/fact-check-past-government-shutdowns-cost-billions/,Sara Jacobs,Government shutdowns in 2013 and 2018 “cost our economy billions of dollars each.”,true,https://x.com/jdvance/status/1869495076604227726?s=12&t=ZFxqQ7lhc5A_GnIwEPrNSQ
https://www.politifact.com/factchecks/2024/dec/19/sara-jacobs/fact-check-past-government-shutdowns-cost-billions/,Sara Jacobs,Government shutdowns in 2013 and 2018 “cost our economy billions of dollars each.”,true,https://x.com/RepSaraJacobs/status/1869550582991868061
https://www.politifact.com/factchecks/2024/dec/19/sara-jacobs/fact-check-past-government-shutdowns-cost-billions/,Sara Jacobs,Government shutdowns in 2013 and 2018 “cost our economy billions of dollars each.”,true,https://x.com/RepSaraJacobs/status/1869791487367798957?ref_src=twsrc%5Egoogle%7Ctwcamp%5Eserp%7Ctwgr%5Etweet
https://www.politifact.com/factchecks/2024/dec/19/sara-jacobs/fact-check-past-government-shutdowns-cost-billions/,Sara Jacobs,Government shutdowns in 2013 and 2018 “cost our economy billions of dollars each.”,true,https://x.com/RandPaul/status/1869723449377030385
https://www.politifact.com/factchecks/2024/dec/19/sara-jacobs/fact-check-past-government-shutdowns-cost-billions/,Sara Jacobs,Government shutdowns in 2013 and 2018 “cost our economy billions of dollars each.”,true,https://x.com/RandPaul/status/1869331400354304387
https://www.politifact.com/factchecks/2024/dec/19/department-of-government-efficiency/congress-didnt-propose-new-243000-salaries-in-spen/,Department of Government Efficiency,"Spending plan to prevent a government shutdown includes “a pay increase for members of Congress from $174,000 to $243,000 per year.”",false,https://x.com/elonmusk/status/1869487359420727338
https://www.politifact.com/factchecks/2024/dec/19/department-of-government-efficiency/congress-didnt-propose-new-243000-salaries-in-spen/,Department of Government Efficiency,"Spending plan to prevent a government shutdown includes “a pay increase for members of Congress from $174,000 to $243,000 per year.”",false,https://x.com/elonmusk/status/1869485580276629975
https://www.politifact.com/factchecks/2024/dec/19/department-of-government-efficiency/congress-didnt-propose-new-243000-salaries-in-spen/,Department of Government Efficiency,"Spending plan to prevent a government shutdown includes “a pay increase for members of Congress from $174,000 to $243,000 per year.”",false,https://x.com/jdvance/status/1869495076604227726
https://www.politifact.com/factchecks/2024/dec/17/doug-mastriano/photo-shared-by-pennsylvania-state-senator-shows-a/,Doug Mastriano,Photo shows a downed drone,false,https://x.com/SenMastriano/status/1869126599649706318
https://www.politifact.com/factchecks/2024/dec/17/doug-mastriano/photo-shared-by-pennsylvania-state-senator-shows-a/,Doug Mastriano,Photo shows a downed drone,false,https://x.com/RAF_Luton/status/1631657159787257859
https://www.politifact.com/factchecks/2024/dec/17/doug-mastriano/photo-shared-by-pennsylvania-state-senator-shows-a/,Doug Mastriano,Photo shows a downed drone,false,https://x.com/SenMastriano/status/1868794734530953444
https://www.politifact.com/factchecks/2024/dec/17/doug-mastriano/photo-shared-by-pennsylvania-state-senator-shows-a/,Doug Mastriano,Photo shows a downed drone,false,https://x.com/SenMastriano/status/1869069888498921848
https://www.politifact.com/factchecks/2024/dec/12/charlie-kirk/in-1898-the-supreme-court-ruled-that-the-14th-amen/,Charlie Kirk,The 14th Amendment “has never been challenged at SCOTUS.”,false,https://x.com/charliekirk11/status/1865781392044609679
https://www.politifact.com/factchecks/2024/dec/11/mike-johnson/mike-johnsons-pants-on-fire-claim-that-1-of-federa/,Mike Johnson,About 1% of federal employees are “actually working in the office.”,pants-fire,https://x.com/elonmusk/status/1864702585313349962
https://www.politifact.com/factchecks/2024/dec/05/michael-rulli/biden-law-gave-states-75-billion-for-ev-charging-3/,Michael Rulli,“Pete Buttigieg will leave his post as Transportation Secretary having spent $7.5 billion to build 8 EV charging stations.”,false,https://x.com/SecretaryPete/status/1861181145292898597
https://www.politifact.com/factchecks/2024/nov/19/elon-musk/no-democrat-bob-casey-is-not-asking-to-count-nonci/,Elon Musk,"Says Sen. Bob Casey, D-Pa., “is trying to change the outcome of the election by counting NON-CITIZEN votes.”",false,https://x.com/elonmusk/status/1856733455939510593
https://www.politifact.com/factchecks/2024/nov/19/elon-musk/no-democrat-bob-casey-is-not-asking-to-count-nonci/,Elon Musk,"Says Sen. Bob Casey, D-Pa., “is trying to change the outcome of the election by counting NON-CITIZEN votes.”",false,https://x.com/Matt_Gruda/status/1856725465324503192
https://www.politifact.com/factchecks/2024/nov/15/eric-hovde/hovdes-claim-baldwin-won-nearly-90-of-milwaukee-ab/,Eric Hovde,Says the election results are suspicious because opponent U.S. Sen. Baldwin won “nearly 90%” of absentee ballots in Milwaukee.,false,https://x.com/EricHovde/status/1856444700707958981
https://www.politifact.com/factchecks/2024/nov/02/patriot-voice/in-another-sign-of-russian-influence-posts-falsely/,Patriot Voice,"Vice President Kamala Harris and husband Doug Emhoff received $500,000 for tipping off Sean “Diddy” Combs about police raids.",pants-fire,https://x.com/dustinemills24/status/1851797465931919395
https://www.politifact.com/factchecks/2024/nov/02/patriot-voice/in-another-sign-of-russian-influence-posts-falsely/,Patriot Voice,"Vice President Kamala Harris and husband Doug Emhoff received $500,000 for tipping off Sean “Diddy” Combs about police raids.",pants-fire,https://x.com/MichaelSCollura/status/1851816230874943506
https://www.politifact.com/factchecks/2024/nov/02/donald-trump/donald-trumps-pants-on-fire-claim-that-he-never-me/,Donald Trump,“I never mentioned” wanting to end the Affordable Care Act.,pants-fire,https://x.com/realDonaldTrump/status/1852033066157441249
https://www.politifact.com/factchecks/2024/nov/01/make-the-road-nevada/nevada-political-action-committee-gets-some-right/,Make the Road Nevada,Republican Senate candidate Sam Brown “wants to cut Medicaid and Social Security.”,half-true,https://x.com/makeroadactNV/status/1850992253805666724
https://www.politifact.com/factchecks/2024/oct/31/tim-moore/nc-house-speaker-falsely-says-white-house-didnt-ca/,Tim Moore,“I’ve not gotten a single call from the White House.”,barely-true,https://x.com/ThreeDovesMedia/status/1848418369042616773
https://www.politifact.com/factchecks/2024/oct/31/tim-moore/nc-house-speaker-falsely-says-white-house-didnt-ca/,Tim Moore,“I’ve not gotten a single call from the White House.”,barely-true,https://x.com/theblaze/status/1848396425337471136
https://www.politifact.com/factchecks/2024/oct/30/donald-trump/trumps-claim-that-2600-votes-were-caught-in-lancas/,Donald Trump,"In Lancaster, Pa., “We caught them with 2,600 votes. We caught them cold, 2,600 votes. ... And every vote was written by the same person.""",false,https://x.com/realdonaldtrump/status/1851309196827828616?s=46&t=67QhHjje7OHdmga2T0mkFg
https://www.politifact.com/factchecks/2024/oct/30/donald-trump/trumps-claim-that-2600-votes-were-caught-in-lancas/,Donald Trump,"In Lancaster, Pa., “We caught them with 2,600 votes. We caught them cold, 2,600 votes. ... And every vote was written by the same person.""",false,https://x.com/DC_Draino/status/1849890231723479076
https://www.politifact.com/factchecks/2024/oct/29/sam-brown/republican-sam-brown-wrong-on-democratic-sen-jacky/,Sam Brown,“Jacky Rosen voted to allow biological men to compete in women’s sports.”,false,https://x.com/CaptainSamBrown/status/1848374497235152963
https://www.politifact.com/factchecks/2024/oct/24/donald-trump/kamala-harris-did-not-call-donald-trump-adolf-hitl/,Donald Trump,Vice President Kamala Harris has been “going so far as to call me Adolf Hitler.”,false,https://x.com/realDonaldTrump/status/1849272632237056163
https://www.politifact.com/factchecks/2024/oct/23/marjorie-taylor-greene/marjorie-taylor-greene-says-dominion-voting-machin/,Marjorie Taylor Greene,"""Reports from Whitfield County, GA that Dominion machines are flipping votes. This is exactly the kind of fraud we saw in 2020.""",pants-fire,https://x.com/mtgreenee/status/1848431110788903131
https://www.politifact.com/factchecks/2024/oct/23/marjorie-taylor-greene/marjorie-taylor-greene-says-dominion-voting-machin/,Marjorie Taylor Greene,"""Reports from Whitfield County, GA that Dominion machines are flipping votes. This is exactly the kind of fraud we saw in 2020.""",pants-fire,https://x.com/GabrielSterling/status/1847404645838205219
https://www.politifact.com/factchecks/2024/oct/23/marjorie-taylor-greene/marjorie-taylor-greene-says-dominion-voting-machin/,Marjorie Taylor Greene,"""Reports from Whitfield County, GA that Dominion machines are flipping votes. This is exactly the kind of fraud we saw in 2020.""",pants-fire,https://x.com/mtgreenee/status/1847335767728689240
https://www.politifact.com/factchecks/2024/oct/23/marjorie-taylor-greene/marjorie-taylor-greene-says-dominion-voting-machin/,Marjorie Taylor Greene,"""Reports from Whitfield County, GA that Dominion machines are flipping votes. This is exactly the kind of fraud we saw in 2020.""",pants-fire,https://x.com/mtgreenee/status/1847361255415460148
https://www.politifact.com/factchecks/2024/oct/23/donald-trump/donald-trump-ad-distorts-kamala-harris-stance-on-s/,Donald Trump,Vice President Kamala Harris “wants struggling seniors to pay more Social Security taxes while she gives Medicare and Social Security to illegals.”,false,https://x.com/MediumBuying/status/1846897417829982671
https://www.politifact.com/factchecks/2024/oct/23/donald-trump/donald-trump-ad-distorts-kamala-harris-stance-on-s/,Donald Trump,Vice President Kamala Harris “wants struggling seniors to pay more Social Security taxes while she gives Medicare and Social Security to illegals.”,false,https://x.com/HouseGOP/status/1816170426906640541
https://www.politifact.com/factchecks/2024/oct/23/joyce-craig/fact-checking-joyce-craigs-claims-on-kelly-ayotte/,Joyce Craig,"Gubernatorial candidate Kelly Ayotte “has voted for national abortion bans, she has voted to defund Planned Parenthood, and she shepherded Neil Gorsuch through the Supreme Court process, and then celebrated when Roe v. Wade was overturned.”",half-true,https://x.com/American_Bridge/status/1828196418927906948
https://www.politifact.com/factchecks/2024/oct/18/donald-trump/harris-support-for-prisoner-access-to-transgender/,Donald Trump,Kamala Harris “supports taxpayer-funded sex changes for prisoners and illegal aliens.”,mostly-true,https://x.com/TrumpWarRoom/status/1837095668726333685
https://www.politifact.com/factchecks/2024/oct/18/ruben-gallego/ruben-gallego-misleads-on-kari-lake-opposing-the-c/,Ruben Gallego,Arizona U.S. Senate candidate Kari Lake “was against” the child tax credit expansion “when the bill was on the floor.”,barely-true,https://x.com/KariLake/status/1399908753449709569?ref_src=twsrc%5Etfw%7Ctwcamp%5Etweetembed%7Ctwterm%5E1399908753449709569%7Ctwgr%5E957ae0b7f6bf9cc9d422aa28e16d5987de01f33b%7Ctwcon%5Es1_c10&ref_url=https%3A%2F%2Fwww.deseret.com%2F2021%2F10%2F15%2F22713081%2Fhow-kari-lake-went-from-mainstream-media-to-arizonas-leading-maga-candidate-for-governor-trump-fox%2F
https://www.politifact.com/factchecks/2024/oct/18/ruben-gallego/ruben-gallego-misleads-on-kari-lake-opposing-the-c/,Ruben Gallego,Arizona U.S. Senate candidate Kari Lake “was against” the child tax credit expansion “when the bill was on the floor.”,barely-true,https://x.com/i/broadcasts/1vOGwrpWnOMKB
https://www.politifact.com/factchecks/2024/oct/18/ruben-gallego/ruben-gallego-misleads-on-kari-lake-opposing-the-c/,Ruben Gallego,Arizona U.S. Senate candidate Kari Lake “was against” the child tax credit expansion “when the bill was on the floor.”,barely-true,https://x.com/KariLake/status/1800736298841571563
https://www.politifact.com/factchecks/2024/oct/17/michigan-republican-party/michigan-gop-wrongly-accuses-rep-elissa-slotkin-d/,Michigan Republican Party,Elissa Slotkin “signed a secret agreement with a CCP-linked Chinese battery company.”,false,https://x.com/MIGOP/status/1843797785386324460
https://www.politifact.com/factchecks/2024/oct/17/jd-vance/fact-check-here-is-how-we-know-vances-statement-th/,JD Vance,Says former President Donald Trump did not lose the 2020 election.,pants-fire,https://www.dropbox.com/scl/fi/qfvavvua3g6dksnzl9ils/TrumpClaims.pdf?rlkey=rnig91049e5js1hprelig4ij9&e=1&dl=0
https://www.politifact.com/factchecks/2024/oct/17/jd-vance/fact-check-here-is-how-we-know-vances-statement-th/,JD Vance,Says former President Donald Trump did not lose the 2020 election.,pants-fire,https://www.dropbox.com/scl/fi/qfvavvua3g6dksnzl9ils/TrumpClaims.pdf?rlkey=rnig91049e5js1hprelig4ij9&e=2&dl=0
https://www.politifact.com/factchecks/2024/oct/16/dan-bongino/no-kamala-harris-campaign-did-not-inflate-crowd-si/,Dan Bongino,CBS exposed “the fact” that Kamala Harris’ crowd sizes are inflated because her campaign bused hundreds of attendees to her New Hampshire rally.,barely-true,https://x.com/i/birdwatch/t/1831432259737649466
https://www.politifact.com/factchecks/2024/oct/16/dan-bongino/no-kamala-harris-campaign-did-not-inflate-crowd-si/,Dan Bongino,CBS exposed “the fact” that Kamala Harris’ crowd sizes are inflated because her campaign bused hundreds of attendees to her New Hampshire rally.,barely-true,https://x.com/CollinRugg/status/1831437129538531714
https://www.politifact.com/factchecks/2024/oct/16/dan-bongino/no-kamala-harris-campaign-did-not-inflate-crowd-si/,Dan Bongino,CBS exposed “the fact” that Kamala Harris’ crowd sizes are inflated because her campaign bused hundreds of attendees to her New Hampshire rally.,barely-true,https://x.com/lisakashinsky/status/1831402301015400618
https://www.politifact.com/factchecks/2024/oct/12/donald-trump/trump-said-north-carolina-gov-cooper-democrats-blo/,Donald Trump,“It has just come out that Democrats in Washington and the Democrat Governor’s Office of North Carolina (Roy Cooper) were blocking people and money from coming into North Carolina.”,pants-fire,https://x.com/nc_governor/status/1844813387764830351?s=46&t=__Ad4AuhBq7EoRjA0FV0JA
https://www.politifact.com/factchecks/2024/oct/12/donald-trump/trump-said-north-carolina-gov-cooper-democrats-blo/,Donald Trump,“It has just come out that Democrats in Washington and the Democrat Governor’s Office of North Carolina (Roy Cooper) were blocking people and money from coming into North Carolina.”,pants-fire,https://x.com/NCDOT/status/1840743004207734906
https://www.politifact.com/factchecks/2024/oct/12/donald-trump/trump-said-north-carolina-gov-cooper-democrats-blo/,Donald Trump,“It has just come out that Democrats in Washington and the Democrat Governor’s Office of North Carolina (Roy Cooper) were blocking people and money from coming into North Carolina.”,pants-fire,https://x.com/NCDOT/status/1840703980474650646
https://www.politifact.com/factchecks/2024/oct/12/donald-trump/trump-claimed-harris-60-minutes-interview-violated/,Donald Trump,Vice President Kamala Harris’ “60 Minutes” interview may be “a major Campaign Finance Violation.”,false,https://x.com/60Minutes/status/1842935494398591073
https://www.politifact.com/factchecks/2024/oct/12/donald-trump/trump-claimed-harris-60-minutes-interview-violated/,Donald Trump,Vice President Kamala Harris’ “60 Minutes” interview may be “a major Campaign Finance Violation.”,false,https://x.com/MarchandSurgery/status/1844635868188848441
https://www.politifact.com/factchecks/2024/oct/12/donald-trump/trump-claimed-harris-60-minutes-interview-violated/,Donald Trump,Vice President Kamala Harris’ “60 Minutes” interview may be “a major Campaign Finance Violation.”,false,https://x.com/Bilbo161/status/1844056378807288023
https://www.politifact.com/factchecks/2024/oct/11/robert-reich/yes-100-gop-lawmakers-voted-against-fema-funding-b/,Robert Reich,“Two weeks ago 100 GOP lawmakers voted against additional FEMA funding.”,half-true,https://x.com/KamalaHQ/status/1843360950209925373
https://www.politifact.com/factchecks/2024/oct/10/marjorie-taylor-greene/us-rep-marjorie-taylor-green-cited-patents-as-proo/,Marjorie Taylor Greene,Patents dating back to the 1800s show that people can control the weather.,pants-fire,https://x.com/RepCarlos/status/1843968058437857660
https://www.politifact.com/factchecks/2024/oct/10/marjorie-taylor-greene/us-rep-marjorie-taylor-green-cited-patents-as-proo/,Marjorie Taylor Greene,Patents dating back to the 1800s show that people can control the weather.,pants-fire,https://x.com/ChristinaPushaw/status/1842273259259306316
https://www.politifact.com/factchecks/2024/oct/08/donald-trump/biden-administration-didnt-steal-1-billion-from-fe/,Donald Trump,The Biden administration stole $1 billion “from FEMA to use it for illegal migrants. … And FEMA is now busted. They don’t have any money.”,pants-fire,https://x.com/AFernandezH46/status/1841856107435712812
https://www.politifact.com/factchecks/2024/oct/08/donald-trump/biden-administration-didnt-steal-1-billion-from-fe/,Donald Trump,The Biden administration stole $1 billion “from FEMA to use it for illegal migrants. … And FEMA is now busted. They don’t have any money.”,pants-fire,https://x.com/Acyn/status/1842274228814708862
https://www.politifact.com/factchecks/2024/oct/08/eric-hovde/eric-hovde-circulates-false-hurricane-helene-claim/,Eric Hovde,"""FEMA is out of money and doesn't have money to transfer to those people affected by the hurricane ... they used the money to assist illegal immigrants.""",false,https://x.com/EricHovde/status/1841942907982373244
https://www.politifact.com/factchecks/2024/oct/07/kelly-ayotte/nh-governors-race-kelly-ayotte-attack-on-joyce-cra/,Kelly Ayotte,"In Manchester, N.H., gubernatorial candidate Joyce Craig “pushed for a city sales tax. Then, Joyce Craig overrode the tax cap and tried to raise taxes six times.”",half-true,https://shoutout.wix.com/so/56OxU6n-m/c?w=0XYZgrqQBwkmuWPbEKFAfd_dwHXf3lQ9q754CCvGVJs.eyJ1IjoiaHR0cHM6Ly9zaG91dG91dC53aXguY29tL3NvLzU2T3hVNm4tbS9jP3c9OUEtMThOaW93MG92TWp2ZWp1SmxRVjdOZUtvSjFDdnJET1M4bVR6alktSS5leUoxSWpvaWFIUjBjSE02THk5M2QzY3VkMjExY2k1amIyMHZZWEowYVdOc1pTOXVhQzF3Y21sdFlYSjVMWE52ZFhKalpTMW5iM0F0YldGcGJHVnlMV0ZqWTNWelpYTXRZM0poYVdjdGIyWXRhR0YyYVc1bkxXNXZkQzF6YnkxelpXTnlaWFF0ZEdGNExYQnNZVzR2TVRJME9EZzFNVEVpTENKeUlqb2lPR1UxT1RnNU5XTXRPRGRpT0MwME1qZzFMV0k1T0dZdE16QmtNalpoTmpBM09XSXpJaXdpYlNJNkltMWhhV3dpTENKaklqb2lNREF3TURBd01EQXRNREF3TUMwd01EQXdMVEF3TURBdE1EQXdNREF3TURBd01EQXdJbjAiLCJyIjoiOGU1OTg5NWMtODdiOC00Mjg1LWI5OGYtMzBkMjZhNjA3OWIzIiwibSI6ImxwIn0
https://www.politifact.com/factchecks/2024/oct/04/elon-musk/unpacking-elon-musks-false-claim-about-cbp-one-app/,Elon Musk,"With U.S. Customs and Border Protection’s CBP One app, it “takes less than 5 minutes and zero documentation to get approved as an illegal immigrant and be flown to the United States with air tickets paid for by the American taxpayer.”",false,https://x.com/elonmusk/status/1841695723034714482
https://www.politifact.com/factchecks/2024/oct/04/elon-musk/unpacking-elon-musks-false-claim-about-cbp-one-app/,Elon Musk,"With U.S. Customs and Border Protection’s CBP One app, it “takes less than 5 minutes and zero documentation to get approved as an illegal immigrant and be flown to the United States with air tickets paid for by the American taxpayer.”",false,https://x.com/DefiyantlyFree/status/1841589588965654555
https://www.politifact.com/factchecks/2024/oct/04/elon-musk/unpacking-elon-musks-false-claim-about-cbp-one-app/,Elon Musk,"With U.S. Customs and Border Protection’s CBP One app, it “takes less than 5 minutes and zero documentation to get approved as an illegal immigrant and be flown to the United States with air tickets paid for by the American taxpayer.”",false,https://x.com/Indian_Bronson/status/1841667821153001887
https://www.politifact.com/factchecks/2024/oct/03/kari-lake/in-arizona-senate-race-kari-lake-fabricates-link-b/,Kari Lake,"Rep. Ruben Gallego is “controlled by the cartels. His own father was a Colombian drug trafficker, and so he’s got links to the cartel.”",pants-fire,https://x.com/Carrasquillo/status/1840876232163926204
https://www.politifact.com/factchecks/2024/oct/03/jd-vance/immigration-experts-say-jd-vance-is-wrong-haitians/,JD Vance,"Says immigrants with temporary protections in Springfield, Ohio, are “illegal immigrants.”",false,https://x.com/LibbeyDean_/status/1841650527219941768
https://www.politifact.com/factchecks/2024/oct/02/donald-trump/why-donald-trumps-claim-that-kamala-harris-let-in/,Donald Trump,"Kamala Harris ""let in the 13,099 convicted murderers and opposes all efforts to find them and to remove them.""",false,https://x.com/RepTonyGonzales/status/1839699359010533680
https://www.politifact.com/factchecks/2024/oct/01/donald-trump/trump-said-harris-wants-to-legalize-fentanyl-thats/,Donald Trump,Vice President Kamala Harris “even wants to legalize fentanyl.”,false,https://x.com/TrumpWarRoom/status/1840472182985810268
https://www.politifact.com/factchecks/2024/oct/01/donald-trump/trump-said-harris-wants-to-legalize-fentanyl-thats/,Donald Trump,Vice President Kamala Harris “even wants to legalize fentanyl.”,false,https://x.com/MediumBuying/status/1821882462017855925
https://www.politifact.com/factchecks/2024/oct/01/donald-trump/trump-said-harris-wants-to-legalize-fentanyl-thats/,Donald Trump,Vice President Kamala Harris “even wants to legalize fentanyl.”,false,https://x.com/KamalaHQ/status/1840767370773577882
https://www.politifact.com/factchecks/2024/sep/30/donald-trump-jr/biden-administration-prevented-haitians-deportatio/,Donald Trump Jr.,"“Less than three months ago, Kamala Harris and her administration blocked 300,000 unvetted Haitian migrants from being deported out of our country.""",barely-true,https://x.com/DonaldJTrumpJr/status/1833156125790793824
https://www.politifact.com/factchecks/2024/sep/30/donald-trump/trump-said-kemp-couldnt-reach-biden-after-hurrican/,Donald Trump,"Georgia Gov. Brian Kemp was calling President Joe Biden after Hurricane Helene but ""hasn't been able to get him.”",false,https://x.com/bluestein/status/1840813868752285766
https://www.politifact.com/factchecks/2024/sep/30/donald-trump/trump-said-kemp-couldnt-reach-biden-after-hurrican/,Donald Trump,"Georgia Gov. Brian Kemp was calling President Joe Biden after Hurricane Helene but ""hasn't been able to get him.”",false,https://x.com/AndrewJBates46/status/1840808960078856520
https://www.politifact.com/factchecks/2024/sep/30/donald-trump/trump-said-kemp-couldnt-reach-biden-after-hurrican/,Donald Trump,"Georgia Gov. Brian Kemp was calling President Joe Biden after Hurricane Helene but ""hasn't been able to get him.”",false,https://x.com/Acyn/status/1840877980777923020
https://www.politifact.com/factchecks/2024/sep/30/tim-sheehy/in-montana-senate-race-tim-sheehy-airs-inaccurate/,Tim Sheehy,"U.S. Sen. Jon Tester “voted to give taxpayer-funded health care to illegal immigrants.""",false,https://www.dropbox.com/scl/fi/2z4mpxfyhy2okwoo94cj1/NTSM091924H.mpg?rlkey=9v3zl9ce3guib2bvthg8zz1lv&e=2&st=rspahhzw&dl=0
https://www.politifact.com/factchecks/2024/sep/30/kamala-harris/trump-never-managed-to-implement-rx-drug-price-neg/,Kamala Harris,“Donald Trump said he was going to allow Medicare to negotiate drug prices. He never did. We did.”,true,https://x.com/realDonaldTrump/status/1197954041139146754
https://www.politifact.com/factchecks/2024/sep/30/kamala-harris/trump-never-managed-to-implement-rx-drug-price-neg/,Kamala Harris,“Donald Trump said he was going to allow Medicare to negotiate drug prices. He never did. We did.”,true,https://x.com/realDonaldTrump/status/1197954044393861120
https://www.politifact.com/factchecks/2024/sep/27/jared-moskowitz/que-dice-el-proyecto-2025-del-servicio-nacional-de/,Jared Moskowitz,“El Proyecto 2025 quiere deshacerse de la NOAA” y del Servicio Nacional de Meteorología.,half-true,https://x.com/Acyn/status/1836814794847854746
https://www.politifact.com/factchecks/2024/sep/26/jared-moskowitz/what-does-project-2025-say-about-the-national-weat/,Jared Moskowitz,“Project 2025 wants to get rid of NOAA” and the National Weather Service.,half-true,https://x.com/LCVoters/status/1839320814703006019
https://www.politifact.com/factchecks/2024/sep/26/jared-moskowitz/what-does-project-2025-say-about-the-national-weat/,Jared Moskowitz,“Project 2025 wants to get rid of NOAA” and the National Weather Service.,half-true,https://x.com/CooknColorado/status/1809788746189127753
https://www.politifact.com/factchecks/2024/sep/26/jared-moskowitz/what-does-project-2025-say-about-the-national-weat/,Jared Moskowitz,“Project 2025 wants to get rid of NOAA” and the National Weather Service.,half-true,https://x.com/MiamiHerald/status/1839064873969361319
https://www.politifact.com/factchecks/2024/sep/26/jd-vance/communicable-disease-rates-in-springfield-ohio-hav/,JD Vance,"“Communicable diseases like HIV and TB (tuberculosis) have skyrocketed” after Haitian migrants came to Springfield, Ohio.",barely-true,https://x.com/JDVance/status/1834584115825226087
https://www.politifact.com/factchecks/2024/sep/26/ruben-gallego/has-kari-lake-supported-project-2025-on-social-sec/,Ruben Gallego,"“MAGA Republicans like Kari Lake support Project 2025, which would raise the retirement age for 73% of Arizonans.”",barely-true,https://x.com/RubenGallego/status/1824858409793150990
https://www.politifact.com/factchecks/2024/sep/26/ruben-gallego/has-kari-lake-supported-project-2025-on-social-sec/,Ruben Gallego,"“MAGA Republicans like Kari Lake support Project 2025, which would raise the retirement age for 73% of Arizonans.”",barely-true,https://x.com/RubenGallego/status/1833546420655116694
https://www.politifact.com/factchecks/2024/sep/26/ruben-gallego/has-kari-lake-supported-project-2025-on-social-sec/,Ruben Gallego,"“MAGA Republicans like Kari Lake support Project 2025, which would raise the retirement age for 73% of Arizonans.”",barely-true,https://x.com/karilake/status/1763800567800009088?s=46&t=FlUqD6cE_TYKSCUbehJQUw
https://www.politifact.com/factchecks/2024/sep/26/ruben-gallego/has-kari-lake-supported-project-2025-on-social-sec/,Ruben Gallego,"“MAGA Republicans like Kari Lake support Project 2025, which would raise the retirement age for 73% of Arizonans.”",barely-true,https://x.com/karilake/status/1749894382059459070?s=46&t=FlUqD6cE_TYKSCUbehJQUw
https://www.politifact.com/factchecks/2024/sep/26/sam-brown/did-nevada-sen-jacky-rosen-say-joe-biden-did-a-tre/,Sam Brown,"Nevada Sen. Jacky Rosen said the Biden administration did a ""tremendous job"" on the U.S. military’s Afghanistan withdrawal.",barely-true,https://x.com/CaptainSamBrown/status/1824094740473577734
https://www.politifact.com/factchecks/2024/sep/25/tim-sheehy/tim-sheehy-wrong-that-jon-tester-backs-slashing-so/,Tim Sheehy,Jon Tester “supported slashing Social Security benefits”,false,https://x.com/jontester/status/1790815570184782041
https://www.politifact.com/factchecks/2024/sep/20/jd-vance/vance-misleads-trump-tried-to-take-the-aca-down-no/,JD Vance,"Former President Donald Trump could have destroyed the Affordable Care Act, but “he chose to build upon (it).""",false,https://www.vox.com/2017/8/31/16236280/trump-obamacare-outreach-ads
https://www.politifact.com/factchecks/2024/sep/19/dave-mccormick/dave-mccormick-exaggerates-charleroi-pa-population/,Dave McCormick,"Charleroi, Pennsylvania, “has grown by 2,000% due to an influx in migrants.”",false,https://x.com/DaveMcCormickPA/status/1834613849774854498
https://www.politifact.com/factchecks/2024/sep/19/kari-lake/ruben-gallegos-first-act-in-congress-was-not-to-pr/,Kari Lake,Rep. Ruben Gallego’s “first act in Congress was to propose legislation to BAN the use of the term ‘illegal alien.’”,false,https://x.com/KariLake/status/1834623520397201778
https://www.politifact.com/factchecks/2024/sep/19/sherrod-brown/sherrod-brown-claim-about-bernie-moreno-and-aborti/,Sherrod Brown,"Of Bernie Moreno, “Now, he’s arguing for a national abortion ban, no exceptions.”",half-true,https://x.com/American_Bridge/status/1690099859939033091
https://www.politifact.com/factchecks/2024/sep/19/sherrod-brown/sherrod-brown-claim-about-bernie-moreno-and-aborti/,Sherrod Brown,"Of Bernie Moreno, “Now, he’s arguing for a national abortion ban, no exceptions.”",half-true,https://x.com/haleybemiller/status/1686031629536440321?s=20
https://www.politifact.com/factchecks/2024/sep/19/sherrod-brown/sherrod-brown-claim-about-bernie-moreno-and-aborti/,Sherrod Brown,"Of Bernie Moreno, “Now, he’s arguing for a national abortion ban, no exceptions.”",half-true,https://x.com/frankthorp/status/1811505986030760190
https://www.politifact.com/factchecks/2024/sep/18/donald-trump/donald-trump-ad-makes-false-claims-about-kamala-ha/,Donald Trump,"“Kamala Harris has promised amnesty for the 10 million illegals she allowed in as border czar, making them eligible for Social Security. Studies warn this will lead to cuts in your Social Security benefits.""",false,https://x.com/MediumBuying/status/1828933909582594097
https://www.politifact.com/factchecks/2024/sep/18/donald-trump/donald-trump-ad-makes-false-claims-about-kamala-ha/,Donald Trump,"“Kamala Harris has promised amnesty for the 10 million illegals she allowed in as border czar, making them eligible for Social Security. Studies warn this will lead to cuts in your Social Security benefits.""",false,https://x.com/KamalaHarris/status/1343731211118768141
https://www.politifact.com/factchecks/2024/sep/18/donald-trump/donald-trump-ad-makes-false-claims-about-kamala-ha/,Donald Trump,"“Kamala Harris has promised amnesty for the 10 million illegals she allowed in as border czar, making them eligible for Social Security. Studies warn this will lead to cuts in your Social Security benefits.""",false,https://x.com/KamalaHarris/status/838602790058475522
https://www.politifact.com/factchecks/2024/sep/18/donald-trump/donald-trump-ad-makes-false-claims-about-kamala-ha/,Donald Trump,"“Kamala Harris has promised amnesty for the 10 million illegals she allowed in as border czar, making them eligible for Social Security. Studies warn this will lead to cuts in your Social Security benefits.""",false,https://x.com/KamalaHarris/status/770310295692546048
https://www.politifact.com/factchecks/2024/sep/17/michele-morrow/ncs-michele-morrow-falsely-says-the-plus-in-lgbtq/,Michele Morrow,The plus in LGBTQ+ includes pedophilia.,pants-fire,https://archive.is/2024.09.17-195113/https://x.com/michelemorrownc/status/1835866048337248369?s=46&t=__Ad4AuhBq7EoRjA0FV0JA
https://www.politifact.com/factchecks/2024/sep/11/donald-trump/trump-repeats-baseless-claims-that-haitian-immigra/,Donald Trump,"""In Springfield (Ohio), they're eating the dogs, the people that came in, they're eating the cats. They're eating, they're eating the pets of the people that live there.”",pants-fire,https://x.com/DrewHLive/status/1832891377790636326
https://www.politifact.com/factchecks/2024/sep/11/donald-trump/trump-repeats-baseless-claims-that-haitian-immigra/,Donald Trump,"""In Springfield (Ohio), they're eating the dogs, the people that came in, they're eating the cats. They're eating, they're eating the pets of the people that live there.”",pants-fire,https://x.com/JDVance/status/1833506757534175484
https://www.politifact.com/factchecks/2024/sep/11/donald-trump/trump-repeats-baseless-claims-that-haitian-immigra/,Donald Trump,"""In Springfield (Ohio), they're eating the dogs, the people that came in, they're eating the cats. They're eating, they're eating the pets of the people that live there.”",pants-fire,https://x.com/NewsHour/status/1833736368356315551
https://www.politifact.com/factchecks/2024/sep/11/donald-trump/trump-repeats-baseless-claims-that-haitian-immigra/,Donald Trump,"""In Springfield (Ohio), they're eating the dogs, the people that came in, they're eating the cats. They're eating, they're eating the pets of the people that live there.”",pants-fire,https://x.com/JDVance/status/1833148904864465117
https://www.politifact.com/factchecks/2024/sep/11/donald-trump/trump-repeats-baseless-claims-that-haitian-immigra/,Donald Trump,"""In Springfield (Ohio), they're eating the dogs, the people that came in, they're eating the cats. They're eating, they're eating the pets of the people that live there.”",pants-fire,https://x.com/jdvance/status/1833505359513661762
https://www.politifact.com/factchecks/2024/sep/11/donald-trump/trump-repeats-baseless-claims-that-haitian-immigra/,Donald Trump,"""In Springfield (Ohio), they're eating the dogs, the people that came in, they're eating the cats. They're eating, they're eating the pets of the people that live there.”",pants-fire,https://x.com/tedcruz/status/1833174142591365185
https://www.politifact.com/factchecks/2024/sep/11/donald-trump/trump-repeats-baseless-claims-that-haitian-immigra/,Donald Trump,"""In Springfield (Ohio), they're eating the dogs, the people that came in, they're eating the cats. They're eating, they're eating the pets of the people that live there.”",pants-fire,https://x.com/JudiciaryGOP/status/1833154509222129884
https://www.politifact.com/factchecks/2024/sep/11/donald-trump/trump-repeats-baseless-claims-that-haitian-immigra/,Donald Trump,"""In Springfield (Ohio), they're eating the dogs, the people that came in, they're eating the cats. They're eating, they're eating the pets of the people that live there.”",pants-fire,https://x.com/elonmusk/status/1833180704869626035
https://www.politifact.com/factchecks/2024/sep/11/donald-trump/trump-repeats-baseless-claims-that-haitian-immigra/,Donald Trump,"""In Springfield (Ohio), they're eating the dogs, the people that came in, they're eating the cats. They're eating, they're eating the pets of the people that live there.”",pants-fire,https://x.com/charliekirk11/status/1832883283199471676
https://www.politifact.com/factchecks/2024/sep/09/kamala-harris/mostly-true-trump-admin-reversed-lgbtq-protections/,Kamala Harris,Donald Trump “took away protections against discrimination for LGBTQ patients under the Affordable Care Act.”,mostly-true,https://x.com/KamalaHarris/status/1822798239596229052
https://www.politifact.com/factchecks/2024/sep/06/josh-stein/checking-josh-steins-claim-about-mark-robinson-ski/,Josh Stein,“Mark Robinson skips Board of Education vote on teacher bonuses to hold campaign event.”,barely-true,https://x.com/DaleFolwell/status/1748388646485393824
https://www.politifact.com/factchecks/2024/sep/04/donald-trump/fact-check-trump-called-kamala-harris-a-communist/,Donald Trump,Vice President Kamala Harris “is a communist. … She is really a Marxist.”,pants-fire,https://x.com/realDonaldTrump/status/1825138139502878806
https://www.politifact.com/factchecks/2024/sep/04/donald-trump/fact-check-trump-called-kamala-harris-a-communist/,Donald Trump,Vice President Kamala Harris “is a communist. … She is really a Marxist.”,pants-fire,https://x.com/elonmusk/status/1830656672211103825
https://www.politifact.com/factchecks/2024/aug/29/ron-desantis/florida-state-parks-plans-were-further-along-than/,Ron DeSantis,"The proposal to put golf courses, hotels in Florida state parks “was something that was leaked. … a lot of that stuff was half-baked and was not ready for prime time.”",barely-true,https://x.com/mattgaetz/status/1826617540505944212
https://www.politifact.com/factchecks/2024/aug/29/ron-desantis/florida-state-parks-plans-were-further-along-than/,Ron DeSantis,"The proposal to put golf courses, hotels in Florida state parks “was something that was leaked. … a lot of that stuff was half-baked and was not ready for prime time.”",barely-true,https://floridaphoenix.com/2024/08/22/desantis-wants-to-build-golf-courses-and-hotels-in-floridas-state-parks/
https://www.politifact.com/factchecks/2024/aug/29/rick-scott/sen-rick-scott-said-3-states-removed-thousands-of/,Rick Scott,"“This month alone, more than 16,000 non-citizens have been removed from the voter rolls in 3 states.”",half-true,https://x.com/ScottforFlorida/status/1828815821898211355
https://www.politifact.com/factchecks/2024/aug/29/rick-scott/sen-rick-scott-said-3-states-removed-thousands-of/,Rick Scott,"“This month alone, more than 16,000 non-citizens have been removed from the voter rolls in 3 states.”",half-true,https://x.com/kbrooksharper/status/1828182089436717067
https://www.politifact.com/factchecks/2024/aug/29/rick-scott/sen-rick-scott-said-3-states-removed-thousands-of/,Rick Scott,"“This month alone, more than 16,000 non-citizens have been removed from the voter rolls in 3 states.”",half-true,https://x.com/SenRickScott/status/1824396496088789108
https://www.politifact.com/factchecks/2024/aug/29/rick-scott/sen-rick-scott-said-3-states-removed-thousands-of/,Rick Scott,"“This month alone, more than 16,000 non-citizens have been removed from the voter rolls in 3 states.”",half-true,https://www.newsmax.com/newsmax-tv/rick-scott-jack-smith-donald-trump/2024/08/28/id/1178202/
https://www.politifact.com/factchecks/2024/aug/29/kari-lake/arizona-senate-candidate-ruben-gallego-has-not-adv/,Kari Lake,Ruben Gallego wants to “cut your Social Security.”,false,https://x.com/KariLake/status/1821609995999608839
https://www.politifact.com/factchecks/2024/aug/29/kari-lake/arizona-senate-candidate-ruben-gallego-has-not-adv/,Kari Lake,Ruben Gallego wants to “cut your Social Security.”,false,https://x.com/KamalaHarris/status/1824086972345840076
https://www.politifact.com/factchecks/2024/aug/29/kari-lake/arizona-senate-candidate-ruben-gallego-has-not-adv/,Kari Lake,Ruben Gallego wants to “cut your Social Security.”,false,https://x.com/RepRubenGallego/status/1522700679894253568
https://www.politifact.com/factchecks/2024/aug/29/kari-lake/arizona-senate-candidate-ruben-gallego-has-not-adv/,Kari Lake,Ruben Gallego wants to “cut your Social Security.”,false,https://x.com/RubenGallego/status/1823790210016272871
https://www.politifact.com/factchecks/2024/aug/29/kari-lake/arizona-senate-candidate-ruben-gallego-has-not-adv/,Kari Lake,Ruben Gallego wants to “cut your Social Security.”,false,https://x.com/RubenGallego/status/1816878974196416826
https://www.politifact.com/factchecks/2024/aug/29/kari-lake/arizona-senate-candidate-ruben-gallego-has-not-adv/,Kari Lake,Ruben Gallego wants to “cut your Social Security.”,false,https://x.com/VP/status/1634931221414412288
https://www.politifact.com/factchecks/2024/aug/29/kari-lake/arizona-senate-candidate-ruben-gallego-has-not-adv/,Kari Lake,Ruben Gallego wants to “cut your Social Security.”,false,https://x.com/RepRubenGallego/status/1617962300668870667
https://www.politifact.com/factchecks/2024/aug/29/kari-lake/arizona-senate-candidate-ruben-gallego-has-not-adv/,Kari Lake,Ruben Gallego wants to “cut your Social Security.”,false,https://x.com/RepRubenGallego/status/1621917499280461825
https://www.politifact.com/factchecks/2024/aug/28/bob-casey/sen-bob-casey-said-prices-are-up-because-of-schemi/,Bob Casey,“Prices are up because these corporations are scheming to drive them up.”,barely-true,https://www.news4jax.com/news/local/2024/03/22/ftc-report-suggests-high-grocery-bills-likely-due-to-greedflation-caused-by-big-corporations/
https://www.politifact.com/factchecks/2024/aug/28/donald-trump/fact-check-trump-falsely-said-harris-voted-to-hire/,Donald Trump,"“Kamala cast the tiebreaking vote to hire 87,000 new IRS agents to go after your tip income.”",false,https://x.com/realDonaldTrump/status/1827785646645071958
https://www.politifact.com/factchecks/2024/aug/28/donald-trump/fact-check-trump-falsely-said-harris-voted-to-hire/,Donald Trump,"“Kamala cast the tiebreaking vote to hire 87,000 new IRS agents to go after your tip income.”",false,https://x.com/ericadyork/status/1828130421252726983
https://www.politifact.com/factchecks/2024/aug/27/jd-vance/jd-vance-misrepresents-minnesota-law-on-kids-seeki/,JD Vance,Minnesota Gov. Tim Walz signed a law that would “take children away from their parents if the parents don’t want to consent to sex changes.”,false,https://x.com/megynkelly/status/1820826492747542921
https://www.politifact.com/factchecks/2024/aug/23/sam-brown/no-jacky-rosen-didnt-say-ending-taxes-on-tips-woul/,Sam Brown,Jacky Rosen “said ending taxes on tips would ‘hurt working Nevada families.’”,false,https://x.com/CaptainSamBrown/status/1822009677691154645
https://www.politifact.com/factchecks/2024/aug/22/jd-vance/jd-vances-false-claim-that-harris-wants-to-give-im/,JD Vance,"“Kamala Harris wants to give $25,000 to illegal aliens to buy American homes.”",false,https://x.com/munozka315/status/1824223124964925488
https://www.politifact.com/factchecks/2024/aug/20/tim-walz/fact-check-tim-walz-misleads-about-trump-and-overt/,Tim Walz,Former President Donald Trump “cut overtime benefits for millions of workers.”,barely-true,https://www.vox.com/identities/2019/9/24/20835653/trump-overtime-pay-rule-explained
https://www.politifact.com/factchecks/2024/aug/16/debbie-mucarsel-powell/debbie-mucarsel-powell-engana-sobre-la-postura-de/,Debbie Mucarsel-Powell,El senador Rick Scott no apoya las excepciones al aborto.,false,https://x.com/SenRickScott/status/1646605608689324035
https://www.politifact.com/factchecks/2024/aug/16/pete-buttigieg/fact-checking-buttigiegs-claim-that-republicans-ar/,Pete Buttigieg,Gov. Tim Walz delivered paid family leave in Minnesota but “Republicans are blocking” a Biden-Harris proposal.,mostly-true,https://www.vox.com/policy-and-politics/2023/1/12/23552186/kirsten-gillibrand-paid-leave-democrats-biden
https://www.politifact.com/factchecks/2024/aug/16/dave-mccormick/pennsylvania-sen-bob-casey-has-never-called-for-ba/,Dave McCormick,“Bob Casey and Kamala Harris want to BAN fracking.”,false,https://x.com/DaveMcCormickPA/status/1821701316600639671
https://www.politifact.com/factchecks/2024/aug/15/democratic-senatorial-campaign-committee/pennsylvania-senate-candidate-dave-mccormick-has-n/,Democratic Senatorial Campaign Committee,Republican Senate candidate Dave McCormick “wants to outlaw abortions.”,barely-true,https://x.com/briantylercohen/status/1775678135536947518?t=2tfyOf1XmMItsxeoVWQn8g&s=19
https://www.politifact.com/factchecks/2024/aug/14/debbie-mucarsel-powell/in-spanish-ad-debbie-mucarsel-powell-misleads-on-r/,Debbie Mucarsel-Powell,Sen. Rick Scott does not support abortion exceptions.,false,https://x.com/OrianaBeLike/status/1785758561101926785
https://www.politifact.com/factchecks/2024/aug/14/charlie-kirk/did-tim-walz-discriminate-against-white-people-cla/,Charlie Kirk,"“During Covid, Tim Walz rationed access to monoclonal antibody treatments based on skin color.”",barely-true,https://x.com/zackroundy/status/1821342449450512384
https://www.politifact.com/factchecks/2024/aug/14/tim-walz/jd-vance-wrote-the-foreword-for-project-2025s-kevi/,Tim Walz,"JD Vance “literally wrote the foreword for the architect of the Project 2025 agenda.""",true,https://x.com/KevinRobertsTX/status/1818360512863768600
https://www.politifact.com/factchecks/2024/aug/14/tim-walz/jd-vance-wrote-the-foreword-for-project-2025s-kevi/,Tim Walz,"JD Vance “literally wrote the foreword for the architect of the Project 2025 agenda.""",true,https://x.com/JDVance/status/1803537040555876682
https://www.politifact.com/factchecks/2024/aug/14/tim-walz/jd-vance-wrote-the-foreword-for-project-2025s-kevi/,Tim Walz,"JD Vance “literally wrote the foreword for the architect of the Project 2025 agenda.""",true,https://x.com/ReubenJones1/status/1812933524573290761
https://www.politifact.com/factchecks/2024/aug/13/jesse-watters/claim-that-gov-tim-walz-forced-schools-to-stock-ta/,Jesse Watters,Minnesota Gov. Tim Walz “forced schools to stock tampons in boys’ bathrooms.”,barely-true,https://x.com/FLVoiceNews/status/1821170218665685273
https://www.politifact.com/factchecks/2024/aug/13/jesse-watters/claim-that-gov-tim-walz-forced-schools-to-stock-ta/,Jesse Watters,Minnesota Gov. Tim Walz “forced schools to stock tampons in boys’ bathrooms.”,barely-true,https://x.com/periodsupplies/status/1663651602807357442
https://www.politifact.com/factchecks/2024/aug/12/donald-trump/why-trumps-claim-that-the-harris-campaign-used-ai/,Donald Trump,Photo of Kamala Harris’ Aug. 7 rally near Detroit was AI-generated and “there was nobody there.” Attendees pictured “didn’t exist.”,pants-fire,https://x.com/detroitnews/status/1821361744381350213
https://www.politifact.com/factchecks/2024/aug/12/donald-trump/why-trumps-claim-that-the-harris-campaign-used-ai/,Donald Trump,Photo of Kamala Harris’ Aug. 7 rally near Detroit was AI-generated and “there was nobody there.” Attendees pictured “didn’t exist.”,pants-fire,https://x.com/NnamEgwuon/status/1821320442331984329
https://www.politifact.com/factchecks/2024/aug/12/donald-trump/why-trumps-claim-that-the-harris-campaign-used-ai/,Donald Trump,Photo of Kamala Harris’ Aug. 7 rally near Detroit was AI-generated and “there was nobody there.” Attendees pictured “didn’t exist.”,pants-fire,https://x.com/JordynHermani/status/1821283654271742402
https://www.politifact.com/factchecks/2024/aug/12/donald-trump/why-trumps-claim-that-the-harris-campaign-used-ai/,Donald Trump,Photo of Kamala Harris’ Aug. 7 rally near Detroit was AI-generated and “there was nobody there.” Attendees pictured “didn’t exist.”,pants-fire,https://x.com/kamalahq/status/1822679561353535600?s=43&t=Etgjtcf9rHtYIuMZ9ZAh4w%27
https://www.politifact.com/factchecks/2024/aug/12/donald-trump/why-trumps-claim-that-the-harris-campaign-used-ai/,Donald Trump,Photo of Kamala Harris’ Aug. 7 rally near Detroit was AI-generated and “there was nobody there.” Attendees pictured “didn’t exist.”,pants-fire,https://x.com/LavoraBarnes/status/1822701213663809642
https://www.politifact.com/factchecks/2024/aug/12/donald-trump/why-trumps-claim-that-the-harris-campaign-used-ai/,Donald Trump,Photo of Kamala Harris’ Aug. 7 rally near Detroit was AI-generated and “there was nobody there.” Attendees pictured “didn’t exist.”,pants-fire,https://x.com/kamalahq/status/1822679561353535600?s=43&t=Etgjtcf9rHtYIuMZ9ZAh4w
https://www.politifact.com/factchecks/2024/aug/12/jd-vance/walzs-2018-statement-implied-he-carried-weapons-in/,JD Vance,"Says Tim Walz said he carried weapons in war, but “he has not spent a day in a combat zone.”",true,https://x.com/KamalaHQ/status/1820918063966962143
https://www.politifact.com/factchecks/2024/aug/12/lindsey-graham/tim-walz-firmo-ley-dando-matricula-universitaria-g/,Lindsey Graham,"El gobernador de Minnesota, Tim Walz, firmó una ley dando educación universitaria gratuita “a los inmigrantes ilegales”.",mostly-true,https://x.com/LindseyGrahamSC/status/1820820913173991907
https://www.politifact.com/factchecks/2024/aug/12/lindsey-graham/tim-walz-firmo-ley-dando-matricula-universitaria-g/,Lindsey Graham,"El gobernador de Minnesota, Tim Walz, firmó una ley dando educación universitaria gratuita “a los inmigrantes ilegales”.",mostly-true,https://x.com/RNCResearch/status/1820822351870644389
https://www.politifact.com/factchecks/2024/aug/12/lindsey-graham/tim-walz-firmo-ley-dando-matricula-universitaria-g/,Lindsey Graham,"El gobernador de Minnesota, Tim Walz, firmó una ley dando educación universitaria gratuita “a los inmigrantes ilegales”.",mostly-true,https://x.com/charliekirk11/status/1820823567837335604
https://www.politifact.com/factchecks/2024/aug/12/lindsey-graham/tim-walz-firmo-ley-dando-matricula-universitaria-g/,Lindsey Graham,"El gobernador de Minnesota, Tim Walz, firmó una ley dando educación universitaria gratuita “a los inmigrantes ilegales”.",mostly-true,https://x.com/RichardGrenell/status/1820846718197588456
https://www.politifact.com/factchecks/2024/aug/09/donald-trump/trumps-unproven-story-about-willie-brown-and-a-har/,Donald Trump,“I went down in a helicopter with (Willie Brown). We thought maybe this is the end. We were in a helicopter going to a certain location together and there was an emergency landing.”,pants-fire,https://x.com/RpsAgainstTrump/status/1821741095002198122
https://www.politifact.com/factchecks/2024/aug/09/donald-trump/trumps-unproven-story-about-willie-brown-and-a-har/,Donald Trump,“I went down in a helicopter with (Willie Brown). We thought maybe this is the end. We were in a helicopter going to a certain location together and there was an emergency landing.”,pants-fire,https://x.com/JerryBrownGov/status/1821752186700775647
https://www.politifact.com/factchecks/2024/aug/09/byron-donalds/tim-walz-firmo-ley-que-permite-a-inmigrantes-ilega/,Byron Donalds,"""Tim Walz firmó una ley para dar licencia de conducir a inmigrantes ilegales en Minnesota"".",true,https://x.com/ByronDonalds/status/1820945271561580931
https://www.politifact.com/factchecks/2024/aug/09/byron-donalds/tim-walz-firmo-ley-que-permite-a-inmigrantes-ilega/,Byron Donalds,"""Tim Walz firmó una ley para dar licencia de conducir a inmigrantes ilegales en Minnesota"".",true,https://x.com/RepPeteStauber/status/1820840595155533898
https://www.politifact.com/factchecks/2024/aug/09/byron-donalds/tim-walz-firmo-ley-que-permite-a-inmigrantes-ilega/,Byron Donalds,"""Tim Walz firmó una ley para dar licencia de conducir a inmigrantes ilegales en Minnesota"".",true,https://x.com/RNCResearch/status/1820809555942445381
https://www.politifact.com/factchecks/2024/aug/09/jd-vance/jd-vance-attacked-tim-walz-on-military-record-his/,JD Vance,"“When Tim Walz was asked by his country to go to Iraq, do you know what he did? He dropped out of the Army and allowed his unit to go without him.”",barely-true,https://x.com/JDVance/status/1821198032391827863
https://www.politifact.com/factchecks/2024/aug/09/jd-vance/jd-vance-attacked-tim-walz-on-military-record-his/,JD Vance,"“When Tim Walz was asked by his country to go to Iraq, do you know what he did? He dropped out of the Army and allowed his unit to go without him.”",barely-true,https://x.com/RonnyJacksonTX/status/1820855707102560265
https://www.politifact.com/factchecks/2024/aug/09/jd-vance/jd-vance-attacked-tim-walz-on-military-record-his/,JD Vance,"“When Tim Walz was asked by his country to go to Iraq, do you know what he did? He dropped out of the Army and allowed his unit to go without him.”",barely-true,https://x.com/charliekirk11/status/1820857193224347817
https://www.politifact.com/factchecks/2024/aug/09/jd-vance/jd-vance-attacked-tim-walz-on-military-record-his/,JD Vance,"“When Tim Walz was asked by his country to go to Iraq, do you know what he did? He dropped out of the Army and allowed his unit to go without him.”",barely-true,https://x.com/greg_price11/status/1820845159803744674
https://www.politifact.com/factchecks/2024/aug/09/jd-vance/jd-vance-attacked-tim-walz-on-military-record-his/,JD Vance,"“When Tim Walz was asked by his country to go to Iraq, do you know what he did? He dropped out of the Army and allowed his unit to go without him.”",barely-true,https://x.com/Bubblebathgirl/status/1821014153911263407
https://www.politifact.com/factchecks/2024/aug/09/jd-vance/jd-vance-attacked-tim-walz-on-military-record-his/,JD Vance,"“When Tim Walz was asked by his country to go to Iraq, do you know what he did? He dropped out of the Army and allowed his unit to go without him.”",barely-true,https://x.com/ImMeme0/status/1820971325869158610
https://www.politifact.com/factchecks/2024/aug/09/jd-vance/jd-vance-attacked-tim-walz-on-military-record-his/,JD Vance,"“When Tim Walz was asked by his country to go to Iraq, do you know what he did? He dropped out of the Army and allowed his unit to go without him.”",barely-true,https://x.com/JackPosobiec/status/1820817284790702184
https://www.politifact.com/factchecks/2024/aug/08/ron-desantis/more-minnesotans-move-to-florida-than-vice-versa-b/,Ron DeSantis,"“In 2021, Minnesotans were roughly five times more likely to move to Florida than vice versa” because they were “fleeing” the state under Democratic Gov. Tim Walz.",half-true,https://x.com/RonDeSantis/status/1820823039778386222
https://www.politifact.com/factchecks/2024/aug/07/donald-trump/donald-trump-released-prisoners-dropped-charges-wh/,Donald Trump,"In negotiating releases of Americans held abroad, “(I) gave the opposing country NOTHING — and never any cash.”",barely-true,https://x.com/WHNSC45/status/1316419306113073154
https://www.politifact.com/factchecks/2024/aug/07/donald-trump/donald-trump-released-prisoners-dropped-charges-wh/,Donald Trump,"In negotiating releases of Americans held abroad, “(I) gave the opposing country NOTHING — and never any cash.”",barely-true,https://x.com/realDonaldTrump/status/1268670884501426182
https://www.politifact.com/factchecks/2024/aug/07/tim-walz/was-tim-walz-right-that-violent-crime-was-up-under/,Tim Walz,“Violent crime was up under Donald Trump.”,half-true,https://www.vox.com/22529989/2020-murders-guns
https://www.politifact.com/factchecks/2024/aug/07/donald-trump/trump-said-that-gov-tim-walz-didnt-call-in-the-nat/,Donald Trump,"During the 2020 Minnesota riots after George Floyd’s murder, Gov. Tim Walz didn’t call in the National Guard, “so, I sent in the National Guard to save Minneapolis.”",false,https://x.com/toreyvanoot/status/1266113916146499585
https://www.politifact.com/factchecks/2024/aug/07/donald-trump/trump-said-that-gov-tim-walz-didnt-call-in-the-nat/,Donald Trump,"During the 2020 Minnesota riots after George Floyd’s murder, Gov. Tim Walz didn’t call in the National Guard, “so, I sent in the National Guard to save Minneapolis.”",false,https://x.com/MNNationalGuard/status/1266115520933363718
https://www.politifact.com/factchecks/2024/aug/07/donald-trump/trump-said-that-gov-tim-walz-didnt-call-in-the-nat/,Donald Trump,"During the 2020 Minnesota riots after George Floyd’s murder, Gov. Tim Walz didn’t call in the National Guard, “so, I sent in the National Guard to save Minneapolis.”",false,https://x.com/MNNationalGuard/status/1266212998009536512
https://www.politifact.com/factchecks/2024/aug/07/donald-trump/trump-said-that-gov-tim-walz-didnt-call-in-the-nat/,Donald Trump,"During the 2020 Minnesota riots after George Floyd’s murder, Gov. Tim Walz didn’t call in the National Guard, “so, I sent in the National Guard to save Minneapolis.”",false,https://x.com/realDonaldTrump/status/1266231100172615680
https://www.politifact.com/factchecks/2024/aug/07/donald-trump/trump-said-that-gov-tim-walz-didnt-call-in-the-nat/,Donald Trump,"During the 2020 Minnesota riots after George Floyd’s murder, Gov. Tim Walz didn’t call in the National Guard, “so, I sent in the National Guard to save Minneapolis.”",false,https://x.com/thauserkstp/status/1266733992012906496
https://www.politifact.com/factchecks/2024/aug/07/donald-trump/kamala-harris-once-backed-mandatory-assault-weapon/,Donald Trump,Kamala Harris “supports mandatory gun confiscation.”,barely-true,https://x.com/GunOwners/status/1815152149157847324
https://www.politifact.com/factchecks/2024/aug/07/donald-trump/kamala-harris-once-backed-mandatory-assault-weapon/,Donald Trump,Kamala Harris “supports mandatory gun confiscation.”,barely-true,https://x.com/DaveMcCormickPA/status/1815894904650047929?ref_src=twsrc%5Etfw%7Ctwcamp%5Etweetembed%7Ctwterm%5E1815894904650047929%7Ctwgr%5Ef5e8a208bd09a2fcece250a5f122558d82613f5c%7Ctwcon%5Es1_&ref_url=https%3A%2F%2Fwww.breitbart.com%2Fpolitics%2F2024%2F07%2F25%2Fpoll-dave-mccormick-narrows-gap-democrat-bob-casey%2F
https://www.politifact.com/factchecks/2024/aug/07/donald-trump/kamala-harris-once-backed-mandatory-assault-weapon/,Donald Trump,Kamala Harris “supports mandatory gun confiscation.”,barely-true,https://x.com/NBCNightlyNews/status/1196714731886788609?s=20
https://www.politifact.com/factchecks/2024/aug/07/donald-trump/kamala-harris-once-backed-mandatory-assault-weapon/,Donald Trump,Kamala Harris “supports mandatory gun confiscation.”,barely-true,https://x.com/TrumpWarRoom/status/1818362270084162025?utm_medium=email&utm_source=ncl_amplify&utm_campaign=240730-kamala_harris_is_dangerously_liberal_and_she_cant_hide_from_it&utm_content=ncl-Zh7MzNbAKE&_nlid=Zh7MzNbAKE&_nhids=KgVQs6BJ
https://www.politifact.com/factchecks/2024/aug/07/donald-trump/kamala-harris-once-backed-mandatory-assault-weapon/,Donald Trump,Kamala Harris “supports mandatory gun confiscation.”,barely-true,https://x.com/RNCResearch/status/1818373383991836853
https://www.politifact.com/factchecks/2024/aug/07/tammy-baldwin/does-gop-senate-candidate-eric-hovde-want-to-repea/,Tammy Baldwin,"Eric Hovde “wants to repeal the Affordable Care Act, and kick millions off their health insurance.”",true,https://x.com/tammybaldwin/status/1771643441836925226
https://www.politifact.com/factchecks/2024/aug/06/laura-loomer/birth-certificate-doesnt-list-kamala-harris-race-b/,Laura Loomer,“Nowhere on her birth certificate does it say that she is BLACK OR AFRICAN. …  Kamala Harris is NOT black and never has been.”,false,https://x.com/LauraLoomer/status/1818732213669884124
https://www.politifact.com/factchecks/2024/jul/31/donald-trump/donald-trumps-pants-on-fire-claim-at-nabj-about-ho/,Donald Trump,"Kamala Harris was “Indian all the way, and then all of a sudden, she made a turn and she went, she became a Black person.”",pants-fire,https://x.com/KamalaHQ/status/1818742799761547360
https://www.politifact.com/factchecks/2024/jul/31/kamala-harris/kamala-harris-repeats-dubious-claim-that-donald-tr/,Kamala Harris,"""Donald Trump intends to cut Social Security.""",barely-true,https://www.vox.com/policy-and-politics/2019/3/12/18260271/trump-medicaid-social-security-medicare-budget-cuts
https://www.politifact.com/factchecks/2024/jul/31/kamala-harris/kamala-harris-repeats-dubious-claim-that-donald-tr/,Kamala Harris,"""Donald Trump intends to cut Social Security.""",barely-true,https://x.com/TrumpDailyPosts/status/1745080524534931817
https://www.politifact.com/factchecks/2024/jul/31/kamala-harris/no-this-2021-video-does-not-show-trumps-vp-pick-jd/,Kamala Harris,Video shows that “JD Vance endorses Project 2025.”,false,https://x.com/HeartlandSignal/status/1811494802665394616
https://www.politifact.com/factchecks/2024/jul/31/kamala-harris/no-this-2021-video-does-not-show-trumps-vp-pick-jd/,Kamala Harris,Video shows that “JD Vance endorses Project 2025.”,false,https://www.vox.com/politics/362917/jd-vance-project-2025-book-kevin-roberts-trump
https://www.politifact.com/factchecks/2024/jul/31/kamala-harris/no-this-2021-video-does-not-show-trumps-vp-pick-jd/,Kamala Harris,Video shows that “JD Vance endorses Project 2025.”,false,https://www.vox.com/politics/361455/jd-vance-trump-vice-president-rnc-speech
https://www.politifact.com/factchecks/2024/jul/31/donald-trump/gop-charge-that-kamala-harris-backed-taxpayer-fund/,Donald Trump,Vice President Kamala Harris “endorsed free taxpayer-funded government health care for all illegal aliens.”,barely-true,https://x.com/NRSC/status/1815808480709599308
https://www.politifact.com/factchecks/2024/jul/31/jb-pritzker/pritzker-repeats-a-baseless-claim-about-jd-vance-a/,JB Pritzker,Sen. JD Vance is “known for his obsession with couches.”,pants-fire,https://x.com/JordanUhl/status/1818088975074197848
https://www.politifact.com/factchecks/2024/jul/31/jb-pritzker/pritzker-repeats-a-baseless-claim-about-jd-vance-a/,JB Pritzker,Sen. JD Vance is “known for his obsession with couches.”,pants-fire,https://x.com/maxwelltani/status/1816484890742845733
https://www.politifact.com/factchecks/2024/jul/30/jd-vance/kamala-harris-has-worked-to-expand-the-child-tax-c/,JD Vance,Vice President Kamala Harris is “calling for an end to the child tax credit.”,pants-fire,https://x.com/VP/status/1753218028886430126
https://www.politifact.com/factchecks/2024/jul/30/jd-vance/kamala-harris-has-worked-to-expand-the-child-tax-c/,JD Vance,Vice President Kamala Harris is “calling for an end to the child tax credit.”,pants-fire,https://x.com/ammarmufasa/status/1816802318764937395?s=46+https%3A%2F%2Fx.com%2Fammarmufasa%2Fstatus%2F1816802318764937395%3Fs%3D46
https://www.politifact.com/factchecks/2024/jul/30/jd-vance/kamala-harris-has-worked-to-expand-the-child-tax-c/,JD Vance,Vice President Kamala Harris is “calling for an end to the child tax credit.”,pants-fire,https://x.com/SaysSimonson/status/1816803696854073632
https://www.politifact.com/factchecks/2024/jul/30/jd-vance/kamala-harris-has-worked-to-expand-the-child-tax-c/,JD Vance,Vice President Kamala Harris is “calling for an end to the child tax credit.”,pants-fire,https://x.com/donaldjtrumpjr/status/1816838697687347267?s=46
https://www.politifact.com/factchecks/2024/jul/30/donald-trump/fact-checking-trumps-false-statement-that-kamala-h/,Donald Trump,Kamala Harris “wants to defund the police.”,barely-true,https://x.com/TheView/status/1270035694480773122
https://www.politifact.com/factchecks/2024/jul/30/donald-trump/fact-checking-trumps-false-statement-that-kamala-h/,Donald Trump,Kamala Harris “wants to defund the police.”,barely-true,https://x.com/TrumpWarRoom/status/1308518562097762304
https://www.politifact.com/factchecks/2024/jul/24/kamala-harris/fact-checking-kamala-harris-on-project-2025-limiti/,Kamala Harris,Project 2025 calls for restricting “access to IVF and contraception.”,barely-true,https://x.com/prjct2025/status/1810735701308195326?s=46&t=vji7d0SSe8CvktyIp5b1Sw
https://www.politifact.com/factchecks/2024/jul/24/republican-national-committee-republican/border-czar-kamala-harris-assigned-to-tackle-immig/,Republican National Committee,"President Joe Biden appointed ""Kamala Harris to be his border czar to deal with illegal immigration … Harris was put in charge of stopping illegal immigration.""",barely-true,https://x.com/GOP/status/1815118190768173111
https://www.politifact.com/factchecks/2024/jul/23/kamala-harris/kamala-harris-correct-that-project-2025-would-end/,Kamala Harris,Project 2025 would “end Head Start.”,true,https://www.wlox.com/2018/10/25/watch-live-pm-ivanka-trump-visits-gulfport-childhood-education-discussion/
https://www.politifact.com/factchecks/2024/jul/17/kari-lake/rnc-night-2-kari-lakes-false-claim-that-gallego-vo/,Kari Lake,"“Just last week, Ruben Gallego voted to let the millions of people who poured into our country illegally cast a ballot in this upcoming election.”",false,https://x.com/KariLake/status/1811952785044439472
https://www.politifact.com/factchecks/2024/jul/12/donald-trump/trump-wrong-in-claiming-full-credit-for-lowering-i/,Donald Trump,"Lower insulin prices were the work of the Trump administration, not “Crooked Joe Biden. He had NOTHING to do with it.”",false,https://x.com/justinbaragona/status/1797700629563048311
https://www.politifact.com/factchecks/2024/jul/10/tim-sheehy/gops-tim-sheehy-revives-discredited-abortion-claim/,Tim Sheehy,"“Elective abortions up to and including the moment of birth. Healthy, 9-month-year-old baby killed at the moment of birth. That’s what Jon Tester and the Democrats have voted for.”",false,https://x.com/SheehyforMT/status/1799832368867610653
https://www.politifact.com/factchecks/2024/jul/05/brigitte-gabriel/18-month-stretch-of-no-us-military-deaths-in-afgha/,Brigitte Gabriel,"""For 18 months under President Trump, not a single American was harmed in Afghanistan.”",false,https://x.com/ACTforAmerica
https://www.politifact.com/factchecks/2024/jul/03/robert-f-kennedy-jr/border-patrol-does-not-pay-for-migrants-flights-de/,Robert F. Kennedy Jr.,"Border Patrol agents take migrants ""to the Yuma airport, put them on a plane to any destination they want. ... And they pay their ticket. And then they get reimbursement from FEMA.""",false,https://x.com/RobertKennedyJr/status/1806462171892895808
https://www.politifact.com/factchecks/2024/jul/01/bill-oreilly/no-as-of-july-1-president-joe-biden-hadnt-quit-his/,Bill O'Reilly,"Says as of June 30, “the decision has been made that (President Joe Biden) will quit the campaign.”",false,https://x.com/JoeBiden/status/1806746426904379543
https://www.politifact.com/factchecks/2024/jul/01/bill-oreilly/no-as-of-july-1-president-joe-biden-hadnt-quit-his/,Bill O'Reilly,"Says as of June 30, “the decision has been made that (President Joe Biden) will quit the campaign.”",false,https://x.com/BidenHQ/status/1807230395781390788
https://www.politifact.com/factchecks/2024/jul/01/bill-oreilly/no-as-of-july-1-president-joe-biden-hadnt-quit-his/,Bill O'Reilly,"Says as of June 30, “the decision has been made that (President Joe Biden) will quit the campaign.”",false,https://x.com/JoeBiden/status/1807771770222473504
https://www.politifact.com/factchecks/2024/jul/01/bill-oreilly/no-as-of-july-1-president-joe-biden-hadnt-quit-his/,Bill O'Reilly,"Says as of June 30, “the decision has been made that (President Joe Biden) will quit the campaign.”",false,https://x.com/BillOReilly/status/1807457358794109407
https://www.politifact.com/factchecks/2024/jul/01/bill-oreilly/no-as-of-july-1-president-joe-biden-hadnt-quit-his/,Bill O'Reilly,"Says as of June 30, “the decision has been made that (President Joe Biden) will quit the campaign.”",false,https://x.com/BillOReilly/status/1807457360467706218
https://www.politifact.com/factchecks/2024/jun/28/tony-evers/wisconsin-tourism-is-having-a-big-moment-but-what/,Tony Evers,Wisconsin had a “record-breaking year” for tourism in 2023.,true,https://x.com/GovEvers/status/1800567555884769468
https://www.politifact.com/factchecks/2024/jun/28/tony-evers/wisconsin-tourism-is-having-a-big-moment-but-what/,Tony Evers,Wisconsin had a “record-breaking year” for tourism in 2023.,true,https://x.com/GovEvers/status/1804536387896516971
https://www.politifact.com/factchecks/2024/jun/26/pennsylvania-values-pac/liberal-groups-ad-says-trump-is-against-mail-in-vo/,Pennsylvania Values PAC,Former President Donald Trump is “against mail in voting.”,half-true,https://x.com/lpdonovan/status/1804879330008248619?s=42
https://www.politifact.com/factchecks/2024/jun/26/pennsylvania-values-pac/liberal-groups-ad-says-trump-is-against-mail-in-vo/,Pennsylvania Values PAC,Former President Donald Trump is “against mail in voting.”,half-true,https://x.com/GOP/status/1684179178625589249
https://www.politifact.com/factchecks/2024/jun/20/donald-trump/president-joe-bidens-border-policy-is-not-pro-chil/,Donald Trump,Joe Biden’s immigration order limiting asylum is “pro-child trafficking.”,false,https://x.com/StephenM/status/1798039133602160827
https://www.politifact.com/factchecks/2024/jun/18/donald-trump/donald-trump-wrong-that-crime-stats-exclude-30-of/,Donald Trump,Crime statistics “no longer include data from 30% of the country including the biggest and most violent cities.”,false,https://x.com/BouchellJohn/status/1795841147396321660
https://www.politifact.com/factchecks/2024/jun/18/donald-trump/donald-trump-wrong-that-crime-stats-exclude-30-of/,Donald Trump,Crime statistics “no longer include data from 30% of the country including the biggest and most violent cities.”,false,https://x.com/AmericazOutlaw/status/1795878024342053310
https://www.politifact.com/factchecks/2024/jun/18/donald-trump/donald-trump-wrong-that-crime-stats-exclude-30-of/,Donald Trump,Crime statistics “no longer include data from 30% of the country including the biggest and most violent cities.”,false,https://x.com/HealThruMusic/status/1795825508263067785
https://www.politifact.com/factchecks/2024/jun/14/van-wanggaard/wisconsin-governor-did-veto-the-pfas-bill-and-is-s/,Van Wanggaard,"Says Gov. Tony Evers is asking the GOP to release money for PFAS, but ""vetoed (a bill outlining) how to spend the money.""",mostly-true,https://x.com/Vanwanggaard/status/1779946159055995316
https://www.politifact.com/factchecks/2024/jun/12/donald-trump/no-evidence-for-donald-trumps-claim-that-congo-is/,Donald Trump,"“Congo, Africa, just released a lot of people, a lot of people from their prisons and jails and brought them into the United States of America.”",pants-fire,https://x.com/RNCResearch/status/1773413201008353581
https://www.politifact.com/factchecks/2024/jun/03/donald-trump/fact-check-trump-falsely-said-he-didnt-say-lock-he/,Donald Trump,"Speaking about Hillary Clinton: “I didn’t say, ‘Lock her up.’ ”",pants-fire,https://x.com/atrupar/status/1797257168548253746
https://www.politifact.com/factchecks/2024/jun/03/donald-trump/fact-check-trump-falsely-said-he-didnt-say-lock-he/,Donald Trump,"Speaking about Hillary Clinton: “I didn’t say, ‘Lock her up.’ ”",pants-fire,https://x.com/realDonaldTrump/status/787267564405653505?ref_src=twsrc%5Etfw%7Ctwcamp%5Etweetembed%7Ctwterm%5E787267564405653505%7Ctwgr%5E6aef6d963dd0e662aab5f23df03de360fd67b888%7Ctwcon%5Es1_&ref_url=https%3A%2F%2Fwww.thetrumparchive.com%2F%3Fsearchbox%3D22HillaryClintonandjail22
https://www.politifact.com/factchecks/2024/may/31/jason-pizzo/donald-trump-is-likely-able-to-vote-in-november-de/,Jason Pizzo,“Trump can’t vote for himself in the November election.”,barely-true,https://x.com/senpizzo/status/1796290713493139524
https://www.politifact.com/factchecks/2024/may/31/jason-pizzo/donald-trump-is-likely-able-to-vote-in-november-de/,Jason Pizzo,“Trump can’t vote for himself in the November election.”,barely-true,https://x.com/JMDiazJD/status/1796304483561164886
https://www.politifact.com/factchecks/2024/may/31/jason-pizzo/donald-trump-is-likely-able-to-vote-in-november-de/,Jason Pizzo,“Trump can’t vote for himself in the November election.”,barely-true,https://x.com/ElectProject/status/1796290753183858693
https://www.politifact.com/factchecks/2024/may/31/jason-pizzo/donald-trump-is-likely-able-to-vote-in-november-de/,Jason Pizzo,“Trump can’t vote for himself in the November election.”,barely-true,https://x.com/AccountableGOP/status/1729522166746562598
https://www.politifact.com/factchecks/2024/may/31/jason-pizzo/donald-trump-is-likely-able-to-vote-in-november-de/,Jason Pizzo,“Trump can’t vote for himself in the November election.”,barely-true,https://x.com/TooMuchMe/status/1791487097309671928
https://www.politifact.com/factchecks/2024/may/31/jesse-watters/trump-trial-judge-didnt-overrule-all-defense-objec/,Jesse Watters,Judge Juan Merchan “overrules every objection from the defense and sustains every objection from the prosecution” during former President Donald Trump’s New York trial.,false,https://x.com/AaronBlake/status/1795782620665561334
https://www.politifact.com/factchecks/2024/may/31/jesse-watters/trump-trial-judge-didnt-overrule-all-defense-objec/,Jesse Watters,Judge Juan Merchan “overrules every objection from the defense and sustains every objection from the prosecution” during former President Donald Trump’s New York trial.,false,https://x.com/tedstew/status/1795627410941259903
https://www.politifact.com/factchecks/2024/may/23/donald-trump/fact-checking-trumps-false-claim-about-fbi-deadly/,Donald Trump,“Biden’s DOJ was authorized to use DEADLY FORCE” in Mar-a-Lago raid. Biden was “locked and loaded” and “ready to take me out.”,pants-fire,https://x.com/repmtg/status/1793035321451454482?s=46&t=vJ3xMt4JQn5QQtC7oHcTGQ
https://www.politifact.com/factchecks/2024/may/23/donald-trump/fact-checking-trumps-false-claim-about-fbi-deadly/,Donald Trump,“Biden’s DOJ was authorized to use DEADLY FORCE” in Mar-a-Lago raid. Biden was “locked and loaded” and “ready to take me out.”,pants-fire,https://x.com/RepGosar/status/1793013319751684100
https://www.politifact.com/factchecks/2024/may/23/donald-trump/fact-checking-trumps-false-claim-about-fbi-deadly/,Donald Trump,“Biden’s DOJ was authorized to use DEADLY FORCE” in Mar-a-Lago raid. Biden was “locked and loaded” and “ready to take me out.”,pants-fire,https://x.com/EliseStefanik/status/1793048769501573549
https://www.politifact.com/factchecks/2024/may/23/donald-trump/fact-checking-trumps-false-claim-about-fbi-deadly/,Donald Trump,“Biden’s DOJ was authorized to use DEADLY FORCE” in Mar-a-Lago raid. Biden was “locked and loaded” and “ready to take me out.”,pants-fire,https://x.com/DC_Draino/status/1793277861387780191
https://www.politifact.com/factchecks/2024/apr/05/benny-johnson/no-this-video-doesnt-show-new-york-gov-kathy-hochu/,Benny Johnson,Video shows “New York Governor Kathy Hochul being denied entry into the wake for slain NYPD officer Jonathan Diller.”,false,https://x.com/NYPDPC/status/1772442431369191908
https://www.politifact.com/factchecks/2024/mar/21/jeanette-nunez/miami-has-the-largest-asylum-case-backlog-in-the-u/,Jeanette Nuñez,"Miami’s immigration courts have the “largest backlog of any court in this country with 10% of the overall immigration cases,” and “more than 90%” of people lose their asylum claims.",half-true,https://floridaphoenix.com/2024/03/15/desantis-signs-bills-intended-to-drive-undocumented-immigrants-out-of-florida/
https://www.politifact.com/factchecks/2024/mar/07/katie-porter/fact-checking-rep-katie-porters-claims-that-billio/,Katie Porter,Billionaires “rigged” the California Senate primary election through “dishonest means.”,false,https://x.com/katieporteroc/status/1765621658382168271?s=20
https://www.politifact.com/factchecks/2024/mar/07/katie-porter/fact-checking-rep-katie-porters-claims-that-billio/,Katie Porter,Billionaires “rigged” the California Senate primary election through “dishonest means.”,false,https://x.com/ThorningMichael/status/1765729318351618516?s=20
https://www.politifact.com/factchecks/2024/feb/23/elon-musk/elon-musk-says-theres-scientific-consensus-on-birt/,Elon Musk,"There is “clear scientific consensus” that “hormonal birth control makes you fat, doubles risk of depression and triples risk of suicide.”",false,https://pagesix.com/article/elon-musk-children/
https://www.politifact.com/factchecks/2024/feb/23/tammy-baldwin/yes-the-price-of-an-inhaler-in-the-us-is-massively/,Tammy Baldwin,“Big drug companies charge as little as $7 for an inhaler overseas and nearly $500 for the exact same one here in the US.”,mostly-true,https://www.goodrx.com/combivent?sort_type=popularity
https://www.politifact.com/factchecks/2024/feb/16/jd-vance/ukraine-aid-bill-doesnt-contain-a-hidden-impeachme/,JD Vance,“The Ukraine supplemental includes a hidden impeachment clause against President Trump.”,false,https://x.com/bennyjohnson/status/1757226227062992909?s=20
https://www.politifact.com/factchecks/2024/feb/16/jd-vance/ukraine-aid-bill-doesnt-contain-a-hidden-impeachme/,JD Vance,“The Ukraine supplemental includes a hidden impeachment clause against President Trump.”,false,https://x.com/mattgaetz/status/1757077576382587279?s=20
https://www.politifact.com/factchecks/2024/feb/16/jd-vance/ukraine-aid-bill-doesnt-contain-a-hidden-impeachme/,JD Vance,“The Ukraine supplemental includes a hidden impeachment clause against President Trump.”,false,https://x.com/jayshelt/status/1757807642909479193?s=20
https://www.politifact.com/factchecks/2024/feb/16/jd-vance/ukraine-aid-bill-doesnt-contain-a-hidden-impeachme/,JD Vance,“The Ukraine supplemental includes a hidden impeachment clause against President Trump.”,false,https://x.com/russvought/status/1757126255894569021?s=20
https://www.politifact.com/factchecks/2024/feb/08/tucker-carlson/journalists-havent-bothered-to-interview-putin-no/,Tucker Carlson,"Since Russia invaded Ukraine, “not a single Western journalist has bothered to interview Putin.”",pants-fire,https://x.com/maxseddon/status/1754945619871838374?s=20
https://www.politifact.com/factchecks/2024/jan/05/donald-trump/donald-trump-ad-wrongly-describes-nikki-haleys-pos/,Donald Trump,Nikki Haley “opposed Trump’s border wall” and “Trump’s travel ban.”,false,https://x.com/TeamTrump/status/1742939177820233899?s=20
https://www.politifact.com/factchecks/2024/jan/05/donald-trump/donald-trump-ad-wrongly-describes-nikki-haleys-pos/,Donald Trump,Nikki Haley “opposed Trump’s border wall” and “Trump’s travel ban.”,false,https://www.wltx.com/article/news/local/haley-trump-idea-on-muslims-un-american/101-46139973
